Price,Address,Title
1940,44中学教工宿舍天河-员村黄埔大道306号,员村44中学教工宿舍不管在哪里 温馨的小窝都是你避风的港湾
1210,MBA国际公寓天河-岗顶黄埔大道西505号,MBA国际公寓 中高层采光好 纯居住小区 岗顶地铁站30
1410,三宝墟教职工新村天河-长疤煸绰1066号,三宝墟教职工新村 中高层采光好 天河客运站地铁站300米
1830,上江屋村天河-沙太沙和路,沙太上江屋村坐公交转地铁不，在这里 分就让到地铁口
1590,上江屋村天河-沙太沙和路,上江屋村 温馨舒适 京溪南方医院地铁站300米
1800,东华居天河-东圃中山大道东圃大马路,东华居东圃保姆式保洁 随叫型维修 临近地铁
2000,东和园天河-东圃宦堂前新街9号,东圃东和园精装白领公寓 特惠价格 家电齐全 抢手房源
1220,东和花苑二期天河-员村员村二横路,东和花苑二期员村房源！仅此一套！错过就没有了！
2000,东圃教师楼天河-东圃东圃二横路,东圃教师楼东圃采光好 交通便利 繁华地段
2060,东圃法院宿舍天河-东圃宦溪西路63号及65号,东圃法院宿舍 中高层采光好 纯居住小区 黄村地铁站300
2060,东圃法院宿舍天河-东圃宦溪西路63号及65号,东圃法院宿舍 6到黄村地铁站 品质小区 年轻人的
1390,东圃法院宿舍天河-东圃宦溪西路63号及65号,东圃法院宿舍东圃价格便宜 邻近地铁 居民商圈
1570,东新街38-5号小区天河-黄村东新街38-5号,东新街385号小区黄村精装主卧 落地阳台 客厅开阔
2140,东新街38-5号小区天河-黄村东新街38-5号,东新街385号小区 三到黄村地铁站 温馨时尚 舒适安心
2140,东新街38-5号小区天河-黄村东新街38-5号,东新街385号小区 三到黄村地铁站 温馨时尚 舒适安心
1270,东新街38-5号小区天河-黄村东新街38-5号,东新街385号小区黄村精装卧室 随时看房 入住免
1270,东新街38-5号小区天河-黄村东新街38-5号,东新街385号小区黄村精装卧室 随时看房 入住免
1210,东新街38-5号小区天河-黄村东新街38-5号,东新街385号小区黄村精装温馨主卧出租 定期双周保洁 随时
1320,东方之珠花园天河-龙口天河北路715号,东方之珠花园 免费高速网络 智能门锁 年底甩租
2350,东方新世界熹园天河-天河公园中山大道西158号,东方新世界熹园华景新城精装修大卧室出租 全新家具
1790,东方新世界熹园天河-天河公园中山大道西158号,东方新世界熹园华景新城价格便宜 邻近地铁 居民商圈
2000,东方都会广场天河-天河公园中山大道西192号,东方都会广场华景新城出租朝南大卧室 拎包入住 采光好
1500,东方都会广场天河-天河公园中山大道西192号,东方都会广场华景新城为你拉近妹子的 小区房主卧 近地铁公
2000,东方都会广场天河-天河公园中山大道西192号,东方都会广场华景新城出租朝南大卧室 拎包入住 采光好
1830,东景花园天河-车陂中山大道中118号,东景花园 小区电梯房放租，温馨舒适，家私家电齐全
1830,东景花园天河-车陂中山大道中118号,"东景花园 楼下就是大商场,小区出门就是地铁口"
1890,东景花园天河-车陂中山大道中118号,东景花园 走路三车陂南地铁站 市区安静小区，
1890,东景花园天河-车陂中山大道中118号,东景花园 享受无线阳光生活 无中介 拎包入住
1830,东景花园天河-车陂中山大道中118号,东景花园 走路8车陂南地铁站 精致户型
1830,东景花园天河-车陂中山大道中118号,东景花园 6到车陂地铁站市中心小区，房间宽敞明亮
1430,东景花园天河-车陂中山大道中118号,东景花园车陂主卧室阳台 精装修 家具家电齐全 随时入住
1640,东环新村天河-东圃宦溪西路30号,东环新村东圃离梦想很近，实现舒适入住，体验轻奢生活
1490,东Z花园天河-员村员村二横路,东Z花园 免费高速网络 智能门锁 年底甩租
2290,东Z花园天河-员村员村二横路,东Z花园 房东整租小区公寓 环境优美 带独立卫生间 厨房阳台
1820,中东新街十八巷小区天河-东圃中东新街十八巷,中东新街十八巷小区东圃精装主卧 落地阳台 客厅开阔
1820,中东新街十八巷小区天河-东圃中东新街十八巷,中东新街十八巷小区东圃精装主卧 落地阳台 客厅开阔
1400,中人宿舍天河-沙太五仙桥街,沙太中人宿舍不管在哪里 温馨的小窝都是你避风的港湾
1560,中人小区天河-长爸谐陕324号,长爸腥诵∏欧式大主卧 开间面积 住家少 能做饭
1560,中人小区天河-长爸谐陕324号,中人小区 宜居舒适性高，成熟商圈，配套成熟，生活便利
1890,中信广场国际公寓天河-天河北天河北路230号,中信广场国际公寓天河北性价比高的房子 邻近地铁 交通便利
1500,中海康城花园天河-黄村广州环城高速路,中海康城花园黄村采光好 交通便利 繁华地段
1690,中海康城花园天河-黄村广州环城高速路,中海康城花园 又一个精装修的房子要出租 三溪地铁站500
1690,中海康城花园天河-黄村广州环城高速路,中海康城花园 走路8三溪地铁站 温馨小窝 落地阳台 客厅
1960,中海康城花园天河-黄村广州环城高速路,中海康城花园 三到三溪地铁站 舒适温馨好布局 随时带看
1430,中海康城花园天河-黄村广州环城高速路,中海康城花园 五到三溪地铁站 温暖又温心 精装主卧
2370,中海Z晖华庭天河-珠江新城中猎德大道31号,中海Z晖华庭 三到珠江新城地铁站 地铁口出行快
2475,中邦商务中心天河-东圃圃兴路53号,4号线万胜围附近温馨大一房 黄村地铁口 环境优美 拎包入住
1700,丽江新村天河-东圃东圃大马路,丽江新村东圃小区环境优雅，闹中取静，交通便利
1660,乐意居花苑天河-长懊谰敖18号,乐意居花苑天河客运站出租朝南大卧室 拎包入住 采光好
1860,乐意居花苑天河-长懊谰敖18号,乐意居花苑天河客运站精装温馨小窝 欢迎单身男女拎包入住
1320,九洲海誉居天河-五山东莞庄路120号,九洲海誉居 寻找自己的小窝 阳台房 智能门锁 性价比高
2400,五山东成花园天河-岗顶五山路,五山东成花园天河个人房源 无 押一付一24h宽带
2400,五山东成花园天河-岗顶五山路,五山东成花园天河个人房源 无 押一付一24h宽带
2060,五山花园三期天河-五山茶山路,五山花园三期 中高层采光好 纯居住小区 五山地铁站300
2230,五山花园天河-五山茶山路225号,五山花园五山保姆式保洁 随叫型维修 临近地铁
2230,五山花园天河-五山茶山路225号,五山花园五山性价比高的房子 邻近地铁 交通便利
1290,五山花园天河-五山茶山路225号,五山花园五山华装修 小区环境优美 修身养性
2230,五山花园天河-五山茶山路225号,五山花园五山性价比高的房子 邻近地铁 交通便利
2230,五山花园天河-五山茶山路225号,五山花园五山保姆式保洁 随叫型维修 临近地铁
1920,五山花园天河-五山茶山路225号,五山花园 宜居舒适性高，成熟商圈，配套成熟，生活便利
2000,五所社区天河-五山东莞庄路112号,五所社区 走路8天河客运站地铁站 错过了这间房子
2200,五所社区天河-五山东莞庄路112号,五所社区 6到五山地铁站 全新电梯房，清新干净 安全卫生
2000,伊顿18天河-龙口龙口西路194号,龙口伊顿18精装温馨小窝 欢迎单身男女随时拎包入住
1290,伊顿国际商务中心天河-龙口龙口西路196号,伊顿国际商务中心 三到石牌桥地铁站 小区绿化率高 环境优
1400,体育东铁路局宿舍天河-体育中心天河东路,体育中心体育东铁路局宿舍在这里有一群爱干净的妹子们 带阳台小
2230,体育村小区天河-体育中心天河北街3号,体育村体育中心拎包入住 家具样样齐全 白领
1490,佳兆业1号天河-棠下黄埔大道中505号,佳兆业1号 温馨飘窗大卧室 都市繁华尽收眼底 近地铁
1330,侨兴苑天河-岗顶黄埔大道西443号,侨兴苑 家电齐全，拎包即可入住，岗顶地铁站500米
1650,侨明苑天河-粤垦燕都路24-30号,侨明苑粤垦房东近期要去别处工作 急租 机会难得
2430,侨鑫汇悦台天河-珠江新城东临江大道417-431号,侨鑫汇悦台 五到五羊地铁站 楼下就有医院，学校
1630,侨颖苑天河-员村员村西街4-8号,侨颖苑 干净便宜 带独卫大主卧 颜值也不低
2350,保利苑天河-珠江新城西华讯街2号,保利苑珠江新城西傍晚伴着晚霞 在阳台榻榻米上 感受生活
1400,保利金融大都汇天河-金融黄埔大道中666号,金融保利金融大都汇精装温馨小窝 欢迎单身男女随时拎包入住
1980,保利金融大都汇天河-金融黄埔大道中666号,保利金融大都汇 免费维修 双周保洁 不用
1660,保利金融大都汇天河-金融黄埔大道中666号,保利金融大都汇金融这就是你一直在找的房子 家电齐全 欲租从速
1400,保利金融大都汇天河-金融黄埔大道中666号,保利金融大都汇金融主卧带飘窗 干净整洁 拎包入住
1140,保利金融大都汇天河-金融黄埔大道中666号,保利金融大都汇金融这就是你一直在找的房子 家电齐全 欲租从速
1920,保利金融大都汇天河-金融黄埔大道中666号,保利金融大都汇金融出门靠近地铁精装房 全明户型
2110,保利金融大都汇天河-金融黄埔大道中666号,保利金融大都汇 6到车陂南地铁站 配套齐全，市中心精装
2320,保利金融大都汇天河-金融黄埔大道中666号,保利金融大都汇 市区精装房！仅此一套！！走路8车陂南地铁
1520,保利金融大都汇天河-金融黄埔大道中666号,保利金融大都汇金融超值精装修 拎包即住 交通便利 购物方便
1920,保利金融大都汇天河-金融黄埔大道中666号,保利金融大都汇金融出门靠近地铁精装房 全明户型
2000,保利金融大都汇天河-金融黄埔大道中666号,保利金融大都汇金融包水电网 精装全配 天然气做饭 全新壁纸
2320,保利金融大都汇天河-金融黄埔大道中666号,保利金融大都汇 市区精装房！仅此一套！！走路8车陂南地铁
1310,保利金融大都汇天河-金融黄埔大道中666号,保利金融大都汇金融还在为找房而烦恼吗点我让你找到你喜欢的小
2000,保利金融大都汇天河-金融黄埔大道中666号,保利金融大都汇 中高层采光好 户型方正，纯居住小区
1480,光机电中心住宅区天河-龙口龙口东路36号,光机电中心住宅区 走路三天河公园地铁站 户型方正 采光好
2160,兰亭盛荟天河-东圃东圃明镜路,兰亭盛荟 小区地处市中心 上班方便 走路三黄村地铁站
2160,兰亭盛荟天河-东圃东圃明镜路,兰亭盛荟 温馨舒适 家电齐全 黄村地铁站300米
2060,兴禺大厦天河-天河北禺东西路50~54号,兴禺大厦 押一付一 采光贼好 包宽带
1660,兴禺大厦天河-天河北禺东西路50~54号,兴禺大厦粤垦精装卧室 配置齐全 钥匙在手看房随时
1630,兴禺大厦天河-天河北禺东西路50~54号,"粤垦兴禺大厦傍晚伴着晚霞 坐落在阳台榻榻米上,感受生活"
1300,军休大厦天河-沙太沙太南路756号,军休大厦 家电齐全，全屋WIFI覆盖，拎包即可入住
2080,军休大厦天河-沙太沙太南路756号,军休大厦 楼下就有医院，学校，周边配套成熟！家私电器齐全
1210,军体院远洋小区天河-天河北花生寮29号,军体院远洋小区 包宽带保洁 押一付一 随时看房
1510,军体院远洋小区天河-天河北花生寮29号,军体院远洋小区天河北小区环境优雅，闹中取静，交通便利
1260,农业机械研究所宿舍天河-五山五山路261号,农业机械研究所宿舍 地铁站附近捡漏了 强迫症福利 免费保修保
1450,农垦总局大院天河-粤垦粤垦路88号,农垦总局大院粤垦政策在变，服务不变，温馨住宅急出租
2000,农科院中区天河-五山金颖中一街,农科院中区五山交通便利 家电齐全 可整合租
1410,冠军小区天河-岗顶石牌东路4号,家私电器齐全 近地铁 走路6岗顶地铁站
1420,凌塘村上街东10-2号小区天河-岑村凌塘村上街东10-2号,凌塘村上街东102号小区 免费高速网络 智能门锁 年底甩租
1390,凌塘村上街东10-2号小区天河-岑村凌塘村上街东10-2号,岑村凌塘村上街东102号小区精装白领公寓 特惠价格 家电齐
1420,凌塘村上街东10-2号小区天河-岑村凌塘村上街东10-2号,凌塘村上街东102号小区 免费高速网络 智能门锁 年底甩租
1740,凌塘村上街东10-2号小区天河-岑村凌塘村上街东10-2号,凌塘村上街东102号小区岑村精装卧室 落地阳台 客厅开阔
2200,凌塘村下街一巷一号小区天河-岑村凌塘村下街一巷一号,凌塘村下街一巷一号小区 保养新净 采光好房间通透 走路6
1680,凌塘村下街一巷一号小区天河-岑村凌塘村下街一巷一号,凌塘村下街一巷一号小区 押一付一 采光贼好 包宽带
1200,凌塘村下街一巷一号小区天河-岑村凌塘村下街一巷一号,凌塘村下街一巷一号小区岑村和隔壁妹子唠唠嗑 小区房主卧 近地
1560,创业楼天河-东圃东岸路3号,创业楼东圃超值精装修 拎包即住 交通便利 购物方便
1850,力达广场天河-粤垦粤垦路619号,粤垦力达广场难得空出来的房源 只等你的电话 拎包入住
1470,北街公寓天河-长俺氨苯36号,北街公寓 五到长暗靥站 小区管理 家电齐全 通风透气
2370,半山溪谷E墅天河-黄村悦景路2号,半山溪谷E墅 中高层采光好 纯居住小区 黄村地铁站300
2370,半山溪谷E墅天河-黄村悦景路2号,半山溪谷E墅 中高层采光好 纯居住小区 黄村地铁站300
2000,半山溪谷E墅天河-黄村悦景路2号,黄村半山溪谷E墅在这里有一群爱干净的妹子们 带阳台小窝
2420,半山翠庭天河-五山贤韵街17~45号,半山翠庭 全新电梯房 光线好 交通便利 楼下就是商场
1590,半山雍景苑天河-五山科华街511号,"半山雍景苑五山集中供暖,智能门锁,24h宽带"
1350,半山雍景苑天河-五山科华街511号,半山雍景苑 三到石牌桥地铁站 精装修 采光好
1590,半山雍景苑天河-五山科华街511号,五山半山雍景苑在这里有一群爱干净的妹子们 带阳台小窝
1350,半山雍景苑天河-五山科华街511号,半山雍景苑五山精装卧室 落地阳台 客厅开阔 性价比高
1590,半山雍景苑天河-五山科华街511号,"半山雍景苑五山集中供暖,智能门锁,24h宽带"
1590,半山雍景苑天河-五山科华街511号,半山雍景苑五山这就是你一直在找的房子 家电齐全 欲租从速
1320,"华丽楼天河-车陂车陂北街26,28号",车陂华丽楼坐公交转地铁不，在这里 分就让到地铁口
1900,"华丽楼天河-车陂车陂北街26,28号",华丽楼 家私电器齐全 拎包入住 近地铁
1500,华南御景园天河-岑村岑村路,华南御景园岑村阳台房 房间实拍 南北通透 性价比高
2180,华南御景园天河-岑村岑村路,华南御景园 三到体育中心地铁站 小区管理 家私家电齐全
2000,华南植物园宿舍天河-长疤煸绰1190号,华南植物园宿舍长鞍水电网 精装全配 天然气做饭 全新壁纸
1500,华南植物园宿舍天河-长疤煸绰1190号,华南植物园宿舍长案叩敌∏ 临近地铁  稍纵即逝！
1500,华南植物园宿舍天河-长疤煸绰1190号,华南植物园宿舍 中楼层，小区环境舒适，走路三长暗靥站
2000,华南植物园宿舍天河-长疤煸绰1190号,华南植物园宿舍长鞍水电网 精装全配 天然气做饭 全新壁纸
1330,华南理工大学东住宅小区天河-五山辽河路28号,五山华南理工大学东住宅小区精装白领公寓 特惠价格 家电齐全
1330,华南理工大学东住宅小区天河-五山辽河路28号,五山华南理工大学东住宅小区精装白领公寓 特惠价格 家电齐全
1890,华南理工大学东秀村小区天河-五山五山路381号,华南理工大学东秀村小区五山喜欢大阳台的你 不容错过 近地铁
1430,华南理工大学教工宿舍天河-五山五山路381号,华南理工大学教工宿舍 走路8石牌桥地铁站 错过了明年才能
2030,华建大厦天河-天河公园天府路233号,华建 中高层采光好 户型方正，纯居住小区
1900,华建大厦天河-天河公园天府路233号,华建大厦华景新城主卧带飘窗 干净整洁 拎包入住
2030,华建大厦天河-天河公园天府路233号,华建 中高层采光好 户型方正，纯居住小区
1390,华文学院富华楼天河-粤垦瘦狗岭路357-359号,华文学院富华楼 三到天河公园地铁站，精装修，采光好，
2290,华景新城天河-天河公园华景路,天河公园华景新城在这里有一群爱干净的妹子们 带阳台小窝
2240,华景锦苑天河-天河公园华景东路,华景锦苑华景新城交通便利 家电齐全 可整合租
2110,华海达公寓天河-龙口龙口横街28号,华海达公寓龙口随时带看 押一付一 近地铁
1900,华润天合天河-黄村大灵山路400号,华润天合黄村精装主卧 免费wifi 随时看房 拎包即住
1900,华润天合天河-黄村大灵山路400号,华润天合黄村精装主卧 免费wifi 随时看房 拎包即住
2320,华润天合天河-黄村大灵山路400号,华润天合 拎包即可入住 黄村地铁站500米
2320,华润天合天河-黄村大灵山路400号,华润天合 拎包即可入住 黄村地铁站500米
2400,华润天合天河-黄村大灵山路400号,华润天合 周边有大型超市 菜市场 黄村地铁站300米
2430,华港花园天河-天河公园东方一路24号,华港花园天河公园拎包入住 家具样样齐全 白领
1500,华运楼天河-天河城黄埔大道西105号,华运楼天河城高档小区 临近地铁  稍纵即逝！
2130,华颖花园雅兰轩天河-员村华颖花园雅兰轩|员村一横路7号,华颖花园雅兰轩员村主卧室阳台 精装修 家具家电齐全 随时入
2100,南兴花园天河-长疤旌釉岗路337号,南兴花园 五到燕塘地铁站 家电齐全 阳光充足 拎包入住
1240,南悦楼天河-车陂车陂南路,南悦楼 温馨舒适 家电齐全 超近地铁
1700,南雅中和天河-珠江新城中冼村路2号,南雅中和 走路8珠江新城地铁站  刚退租 一间
1210,博雅轩天河-天河北禺东西路38号,博雅轩 干净便宜 带独卫大主卧 颜值也不低
2220,博雅轩天河-天河北禺东西路38号,博雅轩天河北精装主卧 落地阳台 客厅开阔
1360,厚和大厦天河-车陂广州市天河区中山大道中77-1号,厚和大厦 新房出租，装修温馨，车陂地铁站300米
2470,叠翠居天河-天河公园华景路23-31号,叠翠居华景新城主卧室阳台 精装修 家具家电齐全 随时入住
1370,叠翠居天河-天河公园华景路23-31号,叠翠居华景新城主卧室阳台 精装修 家具家电齐全 随时入住
1570,合景领峰园天河-珠江新城中金穗路,合景领峰园 五到珠江新城地铁站 ，家私电器齐全
1570,合景领峰园天河-珠江新城中金穗路,合景领峰园 五到珠江新城地铁站 ，家私电器齐全
1720,合生帝景山庄天河-黄村悦景路11号,黄村合生帝景山庄押一付一品质小区 年轻人上下班的首先
2370,合生帝景山庄天河-黄村悦景路11号,合生帝景山庄 三到黄村地铁站 都市繁华尽收眼底
1780,吉山下街24巷小区天河-黄村吉山下街24巷,吉山下街24巷小区 干净卫生的主卧大阳台 年轻朋友在等你
1600,吉山新西街15巷小区天河-黄村吉山新西街15巷,吉山新西街15巷小区 家电齐全 环境优美 走路6黄村地铁
1440,吉山新西街15巷小区天河-黄村吉山新西街15巷,吉山新西街15巷小区黄村房东近期要去别处工作 急租 机会难得
1790,名圃花园天河-东圃荣圃路祥圃街5号,名圃花园东圃采光好 交通便利 繁华地段
1460,名圃花园天河-东圃荣圃路祥圃街5号,名圃花园 走路6车陂南地铁站 押一付一 拎包入住
1700,名雅苑天河-体育中心华康街9号,名雅苑 走路三天河公园地铁站 精装特价房出租
1210,名雅苑天河-体育中心华康街9号,体育中心名雅苑温暖又温心 精装主卧 真的给你不一样的感受
1260,君怡大厦天河-珠江新城东金穗路935号,君怡大厦 免费维修 双周保洁 不用
2000,君紫花园天河-岗顶新陶大街,君紫花园 6到华师地铁站 温馨舒适 都市繁华尽收眼底
1320,员村三横路5号大院天河-员村员村三横路,员村三横路5号大院员村性价比高的房子 邻近地铁 交通便利
1550,员村二横路11号大院天河-员村员村二横路,员村员村二横路11号大院欧式大主卧 开间面积 住家少 能做饭
2010,善庆村小区天河-棠下棠下村涌东路7号,善庆村小区棠下交通便利 家电齐全 可整合租
1600,善庆天河-棠下涌东路3-7号,善庆棠下楼下就是大商场 小区出门就是地铁口
1210,善庆天河-棠下涌东路3-7号,善庆 宜居舒适性高，成熟商圈，配套成熟，生活便利
2410,嘉宝华庭天河-龙口天河天河东路220号,嘉宝华庭龙口价格便宜 邻近地铁 居民商圈
2410,嘉宝华庭天河-龙口天河天河东路220号,嘉宝华庭龙口价格便宜 邻近地铁 居民商圈
1380,嘉怡苑天河-天河北天河北路445号,嘉怡苑天河北卧室朝阳 户型方正 精装修
1500,嘉裕公馆天河-珠江新城中天河花城大道80号,嘉裕公馆 保养新净 采光好房间通透 走路6珠江新城地铁站
1260,嘉裕君h公馆天河-珠江新城西花城大道39号,嘉裕君h公馆 小区出门就是公交站 广州塔地铁站300米
1370,大片路39号小区天河-棠下大片路39号,大片路39号小区 走路6科韵路地铁站 小区管理好 精装房
1950,大片路39号小区天河-棠下大片路39号,大片路39号小区棠下精装主卧 免费wifi 随时看房 拎包即
2130,天一庄天河-员村康湖大街,天一庄员村主卧出租 有钥匙照片
1300,天一新村天河-五山东莞庄路126号-6号（单号）,天一新村五山超值精装修 拎包即住 交通便利 购物方便
1920,天丰楼天河-体育中心天河路91号,天丰楼 五到天河公园地铁站 小区管理 家电齐全
1230,天健上城天河-棠下天坤三路,天健上城 中楼层，小区环境舒适，安全性高
1560,天利居天河-沙太牛利岗大街,天利居沙太包宽带保洁 押一付一 家具全新
1560,天利居天河-沙太牛利岗大街,天利居沙太包宽带保洁 押一付一 家具全新
2470,天寿路26号小区天河-龙口天寿路26号,天寿路26号龙口全明户型 家具家电齐全
2000,天寿路9号大院天河-天河北天寿路9号,天寿路9号大院 坐落在阳台榻榻米上 享受一天劳碌后的时间
1280,天寿路9号大院天河-天河北天寿路9号,天寿路9号大院天河北这就是你一直在找的房子 家电齐全 欲租从
2160,天寿路9号大院天河-天河北天寿路9号,天寿路9号大院粤垦北欧风格 清新舒适 随时看房 可月付
1400,天惠大厦天河-龙口广东省广州市天河区龙口中路194号之一,天惠大厦龙口政策在变，服务不变，温馨住宅急出租
1730,天成居天河-车陂黄埔大道东8号,天成居 中高层采光好 户型方正，纯居住小区
1380,天成居天河-车陂黄埔大道东8号,天成居车陂精装修 家具齐全 免费WIFI 电梯房
2500,天晖阁天河-岗顶天河东路12-24号,岗顶天晖阁精装温馨小窝 欢迎单身男女随时拎包入住
2500,天晖阁天河-岗顶天河东路12-24号,岗顶天晖阁精装温馨小窝 欢迎单身男女随时拎包入住
1920,天河公安龙洞宿舍楼天河-龙洞龙洞东路230号,天河公安龙洞宿舍楼龙洞欧式装修 落地阳台 客厅开阔 24hW
1500,天河公安龙洞宿舍楼天河-龙洞龙洞东路230号,天河公安龙洞宿舍楼 小区环境好 统一管理  淘金地铁站5
1920,天河公安龙洞宿舍楼天河-龙洞龙洞东路230号,天河公安龙洞宿舍楼龙洞欧式装修 落地阳台 客厅开阔 24hW
1410,天河北苑天河-沙太沙太南路274-320号,天河北苑 配套成熟，生活便利，天平架地铁站500米
1460,天河北远洋小区天河-天河北天河北路397-431号,天河北远洋天河北高档小区 临近地铁  稍纵即逝！
2380,天河北远洋小区天河-天河北天河北路397-431号,天河北远洋天河北离梦想很近，实现舒适入住，体验轻奢生活
2100,天河广场天河-东圃中山大道中268号,天河广场 6到车陂地铁站  随时带看 拎包入住
1730,天河新都会天河-天河公园中山大道西182号,天河新都会华景新城出租朝南大卧室 拎包入住 采光好
1730,天河新都会天河-天河公园中山大道西182号,天河新都会华景新城出租朝南大卧室 拎包入住 采光好
1430,天河星作天河-天河智慧城合景路99号,天河星作 走路8三溪地铁站 性价比高 购物方便
1990,天河都市兰亭花园天河-员村员村二横路11号,天河都市兰亭花园 6到天河公园地铁站 全新电梯房，清新干
1990,天河都市兰亭花园天河-员村员村二横路11号,天河都市兰亭花园 6到天河公园地铁站 全新电梯房，清新干
1990,天河都市兰亭花园天河-员村员村二横路11号,天河都市兰亭花园 五到天河公园地铁站 无中介 地铁站房源
2280,天立大厦天河-龙口五山路,天立大厦龙口欧式装修 落地阳台 客厅开阔 24hWIFI
2280,天立大厦天河-龙口五山路,天立大厦龙口欧式装修 落地阳台 客厅开阔 24hWIFI
1420,天蕙阁天河-体育中心体育西路131号之二,天蕙阁体育中心价格便宜 邻近地铁 居民商圈
1500,天誉花园天河-天河北林和中路,天誉花园 走路6华师地铁站 居住，精装出租！
1500,天誉花园天河-天河北林和中路,天誉花园 走路6华师地铁站 居住，精装出租！
2170,天銮天河-珠江新城中临江大道59号,天銮 宜居舒适性高，珠江新城地铁站500米
1450,天隆花园天河-车陂龙口西路573-579号,天隆花园车陂设计师为您精心打造 高品质生活蜗居
1890,天鹅花苑天河-长俺ば寺129号,天鹅花苑天河客运站精装卧室 配置齐全 钥匙在手看房随时
1890,天鹅花苑天河-长俺ば寺129号,天鹅花苑天河客运站房子处于中高层 前面无遮挡 采光好
1890,天鹅花苑天河-长俺ば寺129号,天鹅花苑天河客运站价格便宜 邻近地铁 居民商圈
1320,天鹅花苑天河-长俺ば寺129号,天鹅花苑 三到长暗靥站 采光好 小区管理
1890,天鹅花苑天河-长俺ば寺129号,天鹅花苑天河客运站维修 双周保洁 物业齐全
1890,天鹅花苑天河-长俺ば寺129号,天鹅花苑天河客运站精装卧室 配置齐全 钥匙在手看房随时
2690,太阳广场天河-龙口龙口东路331-337号,太阳广场天河北设施完善 出门就有公交车站和大型商场
1890,太阳广场天河-龙口龙口东路331-337号,太阳广场 走路三林和西地铁站  采光好 干净整洁适合居家
1280,宏景台天河-体育中心信诚南街21号,宏景台体育中心价格便宜 邻近地铁 居民商圈
2240,宝供商业楼天河-龙口龙口东路363号,龙口宝供商业楼温暖又温心 精装主卧 真的给你不一样的感受
1890,宝兴翠园天河-东圃中山大道中1118号,东圃宝兴翠园押一付一 随时看房 包宽带保洁
3560,富丽花园天河-天河城体育东路64号,广州东站地铁3号线北延段地段出租一房 公寓直租 可住两人
1480,富力大厦天河-沙太范屋村145号,富力大厦 6到天平架地铁站 安全卫生 阳光充足 环境优美
1480,富力大厦天河-沙太范屋村145号,富力大厦 6到天平架地铁站 安全卫生 阳光充足 环境优美
1480,富力大厦天河-沙太范屋村145号,富力大厦沙太房子处于中高层 前面无遮挡 采光好
1320,富力天禧天河-车陂车陂北街,富力天禧 三到车陂地铁站 小区绿 化率高
1480,富力盈丰大厦天河-珠江新城西华强路2号,富力盈丰大厦 三到广州塔地铁站 温馨时尚 舒适安心
1480,富力盈丰大厦天河-珠江新城西华强路2号,富力盈丰大厦 三到广州塔地铁站 温馨时尚 舒适安心
1280,富力花园天河-东圃富力街1-39号,富力花园东圃可公寓单间 地铁沿线 交通便利
1420,富华苑天河-棠下富华路,富华苑 中高层采光好 户型方正，纯居住小区
1660,尚东美御天河-珠江新城中猎德大道46-48号,尚东美御 6到珠江新城地铁站 全新电梯房
1660,尚东美御天河-珠江新城中猎德大道46-48号,尚东美御 6到珠江新城地铁站 全新电梯房
1500,尚雅街大院天河-天河城天河天河区体育东路,尚雅街大院天河城点进来，你就不会再犹豫，房子，只剩一套
1300,岑村松岗小区天河-岑村松岗大街七巷20号,岑村松岗小区岑村房源！仅此一套！错过就没有了！
1980,岑村松岗小区天河-岑村松岗大街七巷20号,岑村松岗小区 寻找自己的小窝 阳台房 智能门锁 性价比高
1780,岑村松岗小区天河-岑村松岗大街七巷20号,岑村松岗小区 免费维修 双周保洁 不用
1350,岑村松岗小区天河-岑村松岗大街七巷20号,岑村松岗小区 智能门锁 包宽带 押一付一 0中介
1480,希尔顿阳光天河-龙口龙口西路305号,希尔顿阳光 五到石牌桥地铁站 房干净整洁 温馨舒适
1480,希尔顿阳光天河-龙口龙口西路305号,希尔顿阳光 五到石牌桥地铁站 房干净整洁 温馨舒适
1620,希尔顿阳光天河-龙口龙口西路305号,希尔顿阳光龙口精装主卧 免费wifi 随时看房 拎包即住
1500,广信花园天河-天河城黄埔大道西273号,广信花园天河城北欧风格 清新舒适 随时看房 可月付
1500,广信花园天河-天河城黄埔大道西273号,广信花园天河城北欧风格 清新舒适 随时看房 可月付
1710,广南公司宿舍天河-沙太广园东路2149号,广南公司宿舍沙太北欧风格 清新舒适 随时看房 可月付
2310,广南公司宿舍天河-沙太广园东路2149号,广南公司宿舍 房东整租小区公寓 环境优美 带独立卫生间
1290,广州大道中928号小区天河-体育中心广州大道中928号,广州大道中928号小区体育中心卧室朝阳 户型方正 精装修
2120,广州有色金属研究院天河-长肮阒菔刑旌忧长兴路363号,"广州有色金属研究院 楼下就是大商场,小区出门就是地铁口"
1230,广工大五山教师村天河-五山东莞庄一横路,广工大五山教师村五山点进来，你就不会再犹豫，房子，只剩一
1400,广氮花园天河-棠下广氮大道,广氮花园 三到科韵路地铁站，精装修
1440,广深铁路员工宿舍天河-天河公园枫叶路,广深铁路员工宿舍华景新城女神社区 拎包入住 小可爱们快来呀
1710,广环大厦天河-粤垦燕岭路436号,广环大厦 楼下就有医院，学校，周边配套成熟！家私电器齐全
1410,庙元六巷小区天河-东圃庙元六巷,"东圃庙元六巷小区年轻人的租住房 地铁附近 精装修,周度保洁"
1670,康湖山庄天河-员村康湖大街65号,康湖山庄员村和隔壁妹子唠唠嗑 小区房主卧 近地铁公交站
1410,建丽花园天河-长俺ば寺342-472号,建丽花园 三到燕塘地铁站 安静望花园，家电齐全
2260,建丽花园天河-长俺ば寺342-472号,建丽花园 6到燕塘地铁站 全新电梯房，清新干净 安全卫生
1460,建丽花园天河-长俺ば寺342-472号,建丽花园 三到植物园地铁站 采光好 小区管理
1250,建鑫家具商场天河-岑村榄元新街66号,建鑫家具商场岑村北欧风格 清新舒适 随时看房 可月付
1500,建鑫家具商场天河-岑村榄元新街66号,建鑫家具商场岑村拎包入住 家具样样齐全 白领
2290,御晖苑天河-龙口合晖街200号,御晖苑 走路8华师地铁站 温馨小窝 落地阳台
2130,御晖苑天河-龙口合晖街200号,御晖苑天河北全明户型 家具家电齐全
2290,御晖苑天河-龙口合晖街200号,御晖苑天河北可公寓单间 地铁沿线 交通便利
1830,德荣小区天河-龙口天河东路218-268号,德荣 全新电梯房 光线好 交通便利 楼下就是商场
1830,德荣小区天河-龙口天河东路218-268号,德荣 全新电梯房 光线好 交通便利 楼下就是商场
1500,怡景新村天河-员村怡景大街90号,怡景新村 包宽带保洁 押一付一 随时看房
1620,怡景花园天河-员村员村路,怡景花园员村精装温馨主卧出租 定期双周保洁 随时看房
2260,恒安大厦天河-员村黄埔大道中,恒安大厦 温馨飘窗大卧室 都市繁华尽收眼底 近地铁
2000,恒达苑天河-天河北林和东路200号,天河北恒达苑欧式大主卧 开间面积 住家少 能做饭
1890,恒达苑天河-天河北林和东路200号,恒达苑天河北新出精装大卧室，采光通风好，安静舒适
1810,新光天河峰景天河-粤垦兴华路1号,新光天河峰景粤垦出门靠近地铁精装房 全明户型
1300,新大厦国际公寓天河-珠江新城西华利路1号,新大厦国际公寓 走路8广州塔地铁站 采光好 交通便利
1800,新庆花园天河-珠江新城东海安路11号,新庆花园珠江新城东拎包入住 家具样样齐全 白领
1320,新立公寓天河-棠下达善大街24号,新立公寓 家私电器齐全 拎包入住 近地铁
1300,新陶苑天河-岗顶陶育路,陶苑 三到天平架地铁站 舒适安心 地铁口出行快
1300,新陶苑天河-岗顶陶育路,陶苑 三到天平架地铁站 舒适安心 地铁口出行快
1500,新陶苑天河-岗顶陶育路,陶苑沙太傍晚伴着晚霞 在阳台榻榻米上 感受生活
1350,日晖阁天河-天河北天寿路2号,天河北日晖阁超大漂亮的精装房在等爱生活的你 欲租从速
2490,旭日雅苑幸福里天河-员村天河区员村一横路员村西街4号大院,旭日雅苑幸福里 6到天河公园地铁站 高档小区 24安
2030,旭日雅苑幸福里天河-员村天河区员村一横路员村西街4号大院,旭日雅苑幸福里员村性价比高的房子 邻近地铁 交通便利
2000,旭景家园天河-东圃中山大道,东圃旭景家园押一付一品质小区 年轻人上下班的首先
1730,时代新世界中心天河-粤垦禺东西路55号,时代新世界中心粤垦精装卧室 落地阳台 客厅开阔 性价比高
1790,时代新世界中心天河-粤垦禺东西路55号,时代新世界中心粤垦随时带看 押一付一 近地铁
1270,时代新世界中心天河-粤垦禺东西路55号,时代新世界中心 走路三天河公园地铁站 户型方正 采光好
2290,时代新世界中心天河-粤垦禺东西路55号,时代新世界中心粤垦政策在变，服务不变，温馨住宅急出租
2190,时代新世界中心天河-粤垦禺东西路55号,时代新世界中心粤垦点进来，你就不会再犹豫，房子，只剩一套
2190,时代新世界中心天河-粤垦禺东西路55号,粤垦时代新世界中心欧式大主卧 开间面积 住家少 能做饭
2190,时代新世界中心天河-粤垦禺东西路55号,时代新世界中心粤垦点进来，你就不会再犹豫，房子，只剩一套
2290,时代新世界中心天河-粤垦禺东西路55号,时代新世界中心粤垦出门靠近地铁精装房 全明户型
1250,时代花生天河-沙太瑞兴街,时代花生 配套，户型方正，天平架地铁站300米
1310,明豪新村天河-东圃车陂北正大街,明豪新村 包宽带保洁 押一付一 随时看房
1670,易丰大厦天河-天河公园翠园街8号,天河公园易丰大厦精装温馨小窝 欢迎单身男女随时拎包入住
1440,星晖花苑天河-天河公园翠华街87号,星晖花苑华景新城卧室朝阳 户型方正 精装修
2000,星汇云锦天河-珠江新城西华明路4号,星汇云锦 免费高速网络 智能门锁 年底甩租
1360,星汇园天河-珠江新城西华明路,星汇园 中高层采光好 纯居住小区 广州塔地铁站300米
1380,星汇雅苑天河-珠江新城东潭村路16号,"星汇雅苑珠江新城东集中供暖,智能门锁,24h宽带"
1210,星辰财富港天河-珠江新城西华穗路172-174号,星辰财富港 走路6广州塔地铁站 精装修 采光视野好
2190,景晖苑天河-沙太元岗路180号,景晖苑天河客运站阳台房 房间实拍 南北通透 性价比高
2190,景晖苑天河-沙太元岗路180号,天河客运站景晖苑押一付一 随时看房 包宽带保洁
2260,景晖苑天河-沙太元岗路180号,景晖苑天河客运站离梦想很近，实现舒适入住，体验轻奢生活
2260,景晖苑天河-沙太元岗路180号,天河客运站景晖苑精装白领公寓 特惠价格 家电齐全 抢手房源
1760,智景花苑天河-车陂车陂北街大岗二巷10号,智景花苑 走路8车陂南地铁站 特惠价格 家
1760,智景花苑天河-车陂车陂北街大岗二巷10号,智景花苑 周边有大型超市非常适合居住 地铁站300米
1270,暨南大学苏州苑天河-岗顶广州市天河区黄埔大道西601号,"暨南大学苏州苑 走路三岗顶地铁站 随时看房,拎包即入住"
1270,暨南大学苏州苑天河-岗顶广州市天河区黄埔大道西601号,"暨南大学苏州苑 走路三岗顶地铁站 随时看房,拎包即入住"
1300,暨南花园天河-岗顶羊城路,暨南花园 中高层采光好 户型方正岗顶地铁站300米
1510,林和东公安住宅区天河-天河北林和东公安住宅区|林和东路155-171号,林和东公安住宅区天河北超值精装修 拎包即住 交通便利 购物方
1770,林机场宿舍天河-龙洞天源路,林机场宿舍 地铁站附近捡漏了 强迫症福利 免费保修保洁
1490,柯木i塘石中街16号小区天河-龙洞柯木i塘石中街16号,柯木i塘石中街16号小区龙洞设施完善 出门就有公交车站和大型
1430,桃园公寓天河-龙洞天源路793号,桃园公寓龙洞精装修 家具齐全 免费WIFI 电梯房
2450,桃园公寓天河-龙洞天源路793号,桃园公寓 家私电器齐全 拎包入住 走路6淘金地铁站
1500,桃园公寓天河-龙洞天源路793号,桃园公寓 押一付一 采光贼好 包宽带
2450,桃园公寓天河-龙洞天源路793号,桃园公寓 家私电器齐全 拎包入住 走路6淘金地铁站
1500,桃园公寓天河-龙洞天源路793号,桃园公寓 押一付一 采光贼好 包宽带
1540,桃园公寓天河-龙洞天源路793号,桃园公寓龙洞精装温馨主卧出租 定期双周保洁 随时看房
1430,桃园公寓天河-龙洞天源路793号,桃园公寓龙洞精装修 家具齐全 免费WIFI 电梯房
1500,桃园公寓天河-龙洞天源路793号,桃园公寓 五到淘金地铁站 家电齐全保养好 近地铁交通方便
1820,桃园新村天河-棠下棠下大片路,桃园新村棠下温暖温心 精装主卧真的给你不一样的感受
1960,棠下新丽公寓天河-棠下北社大街,棠下新丽公寓棠下阳台房 房间实拍 南北通透 性价比高
2240,棠丽苑天河-棠下棠安路134号,棠丽苑 华景路地铁站500米 拎包入住
2240,棠丽苑天河-棠下棠安路134号,棠丽苑 华景路地铁站500米 拎包入住
2240,棠丽苑天河-棠下棠安路134号,棠丽苑 华景路地铁站500米 拎包入住
1500,棠新小区天河-天河公园荷光路38号,棠新天河公园拎包入住 家具样样齐全 白领
1910,橡树园天河-沙太沙太南路316号,"沙太橡树园年轻人的租住房 地铁附近 精装修,周度保洁"
1910,橡树园天河-沙太沙太南路316号,"沙太橡树园年轻人的租住房 地铁附近 精装修,周度保洁"
1440,民政局宿舍天河-沙河水荫四横路48-67号,民政局宿舍沙河拎包入住 家具样样齐全 白领
1430,水荫四横路小区天河-沙河广州大道中1275号,水荫四横路沙河精装卧室 落地阳台 客厅开阔 性价比高
1430,水荫四横路小区天河-沙河广州大道中1275号,水荫四横路沙河精装卧室 落地阳台 客厅开阔 性价比高
1340,永福北约天河-沙河先烈东路,永福北约沙河做积极向上的好青年 小区房 包物业宽带
1770,汇友苑天河-东圃中山大道,汇友苑东圃铁面对面 下课走地下就是地铁 配套齐
1300,汇富花园天河-粤垦广州市天河区燕都路34-42号,汇富花园 五到天河公园地铁站 房干净整洁，温馨舒适
2000,汇富花园天河-粤垦广州市天河区燕都路34-42号,汇富花园粤垦点进来，你就不会再犹豫，房子，只剩一套
2300,汇峰苑天河-珠江新城中兴盛路8号,汇峰苑 全屋WIFI覆盖，珠江新城地铁站500米
1900,汇景新城上城峰境天河-五山汇景北路64号,汇景新城上城峰境五山维修 双周保洁 物业齐全
1280,汇景新城柏菲美泉天河-五山汇景南路,汇景新城柏菲美泉天河个人房源 无 押一付一24h宽带
1300,汇景新城维纶特莱天河-五山汇景南路,汇景新城维纶特莱五山铁面对面 下课走地下就是地铁 配套齐
1300,汇景新城维纶特莱天河-五山汇景南路,汇景新城维纶特莱五山铁面对面 下课走地下就是地铁 配套齐
2330,江源半岛天河-金融车陂路,江源半岛 房源！仅此一套！错过就没有
1760,江源半岛天河-金融车陂路,江源半岛金融北欧风格 清新舒适 随时看房 可月付
1430,江源半岛天河-金融车陂路,江源半岛金融这就是你一直在找的房子 家电齐全 欲租从速
1230,江源半岛天河-金融车陂路,"金融江源半岛年轻人的租住房 地铁附近 精装修,周度保洁"
1570,江源半岛天河-金融车陂路,江源半岛金融政策在变，服务不变，温馨住宅急出租
1560,江源半岛天河-金融车陂路,江源半岛金融为你拉近妹子的 小区房主卧 近地铁公交站
1700,江源半岛天河-金融车陂路,江源半岛 6到车陂地铁站  随时带看 拎包入住
1760,江源半岛天河-金融车陂路,江源半岛金融阳台房 房间实拍 南北通透 性价比高
1700,江源半岛天河-金融车陂路,江源半岛金融无论你在哪里 我都会给你温暖 给你温暖公寓
3130,沙河顶小区天河-沙河水荫一横路61号,天平架地铁B出口对面 魔方公寓整租 出租一房整租家电齐全
1370,沾益直街小区天河-天河北沾益直街113号,沾益直街天河北女神社区 拎包入住 小可爱们快来呀
1620,沾益直街小区天河-天河北沾益直街113号,沾益直街 走路6华师地铁站 随时带看
1460,海棠花园天河-棠下棠下涌东路自编300号,海棠花园 三到科韵路地铁站 温馨时尚
2030,海逸阁天河-龙口天阳路142号,海逸阁龙口精装修 家具齐全 免费WIFI 电梯房
1760,润华大厦天河-龙口天润路37至39号,润华大厦天河北房东近期要去别处工作 急租 机会难得
1760,润华大厦天河-龙口天润路37至39号,润华大厦天河北房东近期要去别处工作 急租 机会难得
2470,濂泉广场天河-长疤煸绰,濂泉广场 温馨舒适 家电齐全 燕塘地铁站300米
2380,热带林业研究所宿舍天河-岑村广州市天河区广汕一路682号,热带林业研究所宿舍 近商场 市中心小区 走路三体育中心地
1230,热带林业研究所宿舍天河-岑村广州市天河区广汕一路682号,热带林业研究所宿舍 干净卫生的主卧大阳台 年轻朋友在等你
1790,热带林业研究所宿舍天河-岑村广州市天河区广汕一路682号,热带林业研究所宿舍 三到华师地铁站 暖心空调 押一付一
1230,热带林业研究所宿舍天河-岑村广州市天河区广汕一路682号,热带林业研究所宿舍 干净卫生的主卧大阳台 年轻朋友在等你
1290,牛利岗社区天河-沙太牛利岗大街1号,"牛利岗 楼下就是大商场,，天平架地铁站500米"
1990,牧业大厦天河-员村南社大街36号,牧业大厦 押一付一 采光贼好 包宽带
1320,玉树新村天河-黄村安和街11号,玉树新村黄村全明户型 家具家电齐全
1300,珠光新城御景二期天河-珠江新城东花城大道,珠光新城御景二期珠江新城东点进来，你就不会再犹豫，房子，
1120,珠吉路自编58号小区天河-黄村珠吉路自编58号,黄村珠吉路自编58号小区押一付一 随时看房 包宽带保洁
1120,珠吉路自编58号小区天河-黄村珠吉路自编58号,黄村珠吉路自编58号小区押一付一 随时看房 包宽带保洁
1880,珠吉路自编58号小区天河-黄村珠吉路自编58号,珠吉路自编58号小区 免费维修 双周保洁 不用
2100,珠吉路自编58号小区天河-黄村珠吉路自编58号,珠吉路自编58号小区 市区精装房 走路8黄村地铁站
1480,珠委宿舍天河-天河北沾益直街,天河北珠委宿舍不管在哪里 温馨的小窝都是你避风的港湾
1590,珠委小区天河-天河北沾益直街13-17号(单号),粤垦珠委小区超大漂亮的精装房在等爱生活的你 欲租从速
1730,珠委小区天河-天河北沾益直街13-17号(单号),珠委小区粤垦超值精装修 拎包即住 交通便利 购物方便
2130,珠委西苑天河-天河北林和东路220号,珠委西苑天河北精装卧室 配置齐全 钥匙在手看房随时
1480,珠江新城凤凰苑天河-珠江新城东海月路,珠江新城凤凰苑珠江新城东房子处于中高层 前面无遮挡 采光好
1500,珠江苑天河-天河北天寿路37-85号,珠江苑 走路8华师地铁站 温馨小窝 落地阳台
1300,珠江都荟天河-珠江新城西华利路25号,珠江都荟 6到广州塔地铁站 品质小区 年轻人首先
1350,珠江颐德公馆天河-珠江新城东花城大道,珠江颐德公馆珠江新城东设施完善 出门就有公交车站和大型商场
1850,理邦楼天河-天河公园华翠街,理邦楼华景新城可公寓单间 地铁沿线 交通便利
1440,理邦楼天河-天河公园华翠街,理邦楼华景新城包水电网 精装全配 天然气做饭 全新壁纸
1680,瑜翠园天河-龙洞荟龙路10号,龙洞瑜翠园押一付一 随时看房 包宽带保洁
1260,瑞心苑小区天河-粤垦粤垦路,瑞心苑 精装单间 家电齐全 超大空间 环境优美
1420,百朗居天河-棠下棠东东路100-110号,百朗居 温馨飘窗大卧室 都市繁华尽收眼底 近地铁
1450,省建材机械厂宿舍区天河-沙太苏庄大街100号,省建材机械厂宿舍区 走路6天平架地铁站 精装修 楼层好
1480,省机械研究所宿舍天河-龙口龙口东路,省机械研究所宿舍龙口房子处于中高层 前面无遮挡 采光好
2000,石牌南门苑天河-五山瘦狗岭路555号,石牌南门苑五山北欧风格 清新舒适 随时看房 可月付
1430,祥兴大厦天河-龙口合晖街192号,祥兴大厦龙口坐公交在转地铁不，在这里分就走到地铁口
1430,祥兴大厦天河-龙口合晖街192号,祥兴大厦龙口坐公交在转地铁不，在这里分就走到地铁口
1500,祥德楼天河-棠下北社大街10号,祥德楼 走路三华景路地铁站 免中介
1890,福金莲花园天河-员村黄埔大道中124号,福金莲花园员村无论你在哪里 我都会给你温暖 给你温暖公寓
1860,福金莲花园天河-员村黄埔大道中124号,福金莲花园员村设计师为您精心打造 高品质生活蜗居
1860,福金莲花园天河-员村黄埔大道中124号,福金莲花园员村设计师为您精心打造 高品质生活蜗居
1450,禺东西路小区天河-天河北禺东西路54号,禺东西路 走路8石牌桥地铁站 交通便利 花园小区
1450,科韵路172号商住楼天河-天河公园科韵路172号,华景新城科韵路172号楼超大漂亮的精装房在等爱生活的你
2030,穗华学院白领大学生公寓园天河-长霸岗路399号,穗华学院白领大学生公寓园 保养新净 采光好房间通透 走路6分
1460,紫荆小区天河-天河北林和东路143号,紫荆小区天河北和隔壁妹子唠唠嗑 小区房主卧 近地铁公交站
1990,紫荆小区天河-天河北林和东路143号,紫荆小区粤垦品质房源干净卫生智能门锁随时看房
1460,紫荆小区天河-天河北林和东路143号,紫荆小区 走路三体育中心地铁站 户型方正 采光好
1330,绘新公寓天河-棠下棠东毓南路23号,绘新公寓 五到科韵路地铁站 楼下就有医院，学校
1240,绿庭苑天河-体育中心天河北路96号,绿庭苑体育中心采光好 交通便利 繁华地段
1300,绿庭苑天河-体育中心天河北路96号,绿庭苑体育中心房子处于中高层 前面无遮挡 采光好
1240,绿庭苑天河-体育中心天河北路96号,绿庭苑体育中心采光好 交通便利 繁华地段
1360,绿景阁天河-粤垦燕兴路14号,"粤垦绿景阁傍晚伴着晚霞 坐落在阳台榻榻米上,感受生活"
1430,绿茵居天河-天河公园华景路53-55号,绿茵居华景新城精装修 家具齐全 免费WIFI 电梯房
1500,绿茵居天河-天河公园华景路53-55号,绿茵居华景新城价格适中，给你精致的温馨小窝
1500,美东花园天河-车陂车陂路,美东花园 走路三车陂地铁站 户型方正 采光好
1400,美居花园天河-员村天河区员村二横路地铁出口旁,美居花园 押一付一 采光贼好 包宽带
2130,美景花苑天河-车陂车陂路306-308号,美景花苑 采光好 交通便利  宜居 走路三车陂南地铁站
1990,美景花苑天河-车陂车陂路306-308号,美景花苑 五到车陂地铁站 家电齐全保养好 近地铁交通方便
2090,美林海岸花园天河-员村员村四横路62号,美林海岸花园 五到科韵路地铁站 家电齐全
2030,美林海岸花园天河-员村员村四横路62号,美林海岸花园 精装单间 家电齐全 超大空间
2090,美林海岸花园天河-员村员村四横路62号,美林海岸花园 购物方便，是居住的理想地段，小区环境好
2290,美林海岸花园天河-员村员村四横路62号,美林海岸花园 五到科韵路地铁站 家电齐全保养好
2190,美林海岸花园天河-员村员村四横路62号,美林海岸花园 新房出租，装修温馨，配置全齐
2090,美林海岸花园水晶轩天河-员村百合路,美林海岸花园水晶轩 精装房，配齐全新家私家电，近地铁口
1560,美林海岸花园水晶轩天河-员村百合路,美林海岸花园水晶轩员村为你拉近妹子的 小区房主卧 近地铁
1900,翠华苑天河-五山岳洲路,翠华苑五山采光好 交通便利 繁华地段
2300,翠安侬苑天河-天河公园华景路,翠安侬苑天河公园这就是你一直在找的房子 家电齐全 欲租从速
2210,翠拥华庭天河-车陂车陂路426号,"车陂翠拥华庭年轻人的租住房 地铁附近 精装修,周度保洁"
1820,翠拥华庭天河-车陂车陂路426号,翠拥华庭车陂正规卧室 新壁纸 厨房新装 出门地铁
2210,翠拥华庭天河-车陂车陂路426号,"车陂翠拥华庭年轻人的租住房 地铁附近 精装修,周度保洁"
2210,翠拥华庭天河-车陂车陂路426号,"车陂翠拥华庭年轻人的租住房 地铁附近 精装修,周度保洁"
1440,翡翠居天河-天河公园华景路39号,翡翠居华景新城点进来，你就不会再犹豫，房子，只剩一套
1980,翡翠居天河-天河公园华景路39号,翡翠居华景新城房子处于中高层 前面无遮挡 采光好
2190,耀星华庭天河-天河北天寿路25-27号,耀星华庭天河个人房源 无 押一付一24h宽带
2410,老干中心大院天河-长俺ば寺291-293号,老干中心大院 走路6燕塘地铁站 小区管理好 精装房 家电
2410,老干中心大院天河-长俺ば寺291-293号,老干中心大院 走路6燕塘地铁站 小区管理好 精装房 家电
1480,联发名苑天河-粤垦粤垦路490-494号,联发名苑 走路三天河公园地铁站 交通便利 房价透明
1480,联发名苑天河-粤垦粤垦路490-494号,联发名苑 走路三天河公园地铁站 交通便利 房价透明
1500,聚侨苑天河-天河城广利路49-65号,天河城聚侨苑押一付一 随时看房 包宽带保洁
1500,聚侨苑天河-天河城广利路49-65号,天河城聚侨苑押一付一 随时看房 包宽带保洁
2020,聚宝苑天河-棠下科韵路,聚宝苑 周边有大型超市 菜市场 非常适合居住
2020,聚宝苑天河-棠下科韵路,聚宝苑棠下超值精装修 拎包即住 交通便利 购物方便
1730,聚宝苑天河-棠下科韵路,棠下聚宝苑精装温馨小窝 欢迎单身男女随时拎包入住
2020,聚宝苑天河-棠下科韵路,聚宝苑 周边有大型超市 菜市场 非常适合居住
2480,聚龙阁天河-龙口龙口西路,龙口聚龙阁难得空出来的房源 只等你的电话 拎包入住
1390,育龙居天河-龙洞天源路1111号,育龙居龙洞精装卧室 落地阳台 客厅开阔 性价比高
1390,育龙居天河-龙洞天源路1111号,育龙居龙洞精装卧室 落地阳台 客厅开阔 性价比高
2400,背坪社下街6号大楼天河-岑村背坪社下街6号,背坪社下街6号大楼 温馨舒适 超近地铁 体育中心地铁站3
1930,背坪社下街6号大楼天河-岑村背坪社下街6号,背坪社下街6号大楼岑村主卧出租 有钥匙照片
1930,背坪社下街6号大楼天河-岑村背坪社下街6号,背坪社下街6号大楼 华师地铁站500米 温馨小窝 落地阳
1830,背坪社下街6号大楼天河-岑村背坪社下街6号,背坪社下街6号大楼岑村超值精装修 拎包即住 交通便利 购物方
1700,背坪社下街6号大楼天河-岑村背坪社下街6号,背坪社下街6号大楼岑村价格适中，给你精致的温馨小窝
2230,能源路小区天河-五山五山能源路,能源路 温馨舒适 家电齐全 五山地铁站300米
1370,苏庄小区天河-沙太苏庄87-95号,苏庄 市区精装房，交通方便，走路三天平架地铁站
1370,苏庄小区天河-沙太苏庄87-95号,苏庄 市区精装房，交通方便，走路三天平架地铁站
1300,范屋村天河-沙太范屋路,范屋村 6到京溪南方医院地铁站 随时带看 拎包入住
1400,茶景苑天河-五山贤韵街10~20号,茶景苑五山设计师为您精心打造 高品质生活蜗居
1290,蓝天广场天河-员村员村街,蓝天广场员村交通便利 家电齐全 可整合租
2000,蓝天广场天河-员村员村街,蓝天广场员村包宽带保洁 押一付一 家具全新
1300,蚕种所宿舍天河-五山天河科华街251号,五山蚕种所宿舍押一付一 随时看房 包宽带保洁
1380,蚕种所宿舍天河-五山天河科华街251号,五山蚕种所宿舍欧式大主卧 开间面积 住家少 能做饭
1270,西雅苑天河-体育中心体育西路127-131号,西雅苑体育中心华装修 小区环境优美 修身养性
1210,象牙厂宿舍天河-沙太陶庄路5号,象牙厂宿舍 家私电器齐全 近地铁 走路6天平架地铁站
1480,豪名阁天河-珠江新城西花城大道6号,豪名阁华景新城主卧带飘窗 干净整洁 拎包入住
1390,豪名阁天河-珠江新城西花城大道6号,豪名阁 五到广州塔地铁站 温馨舒适 就等着您的拎包入住
1500,豪名阁天河-珠江新城西花城大道6号,豪名阁华景新城点进来，你就不会再犹豫，房子，只剩一套
1500,豪名阁天河-珠江新城西花城大道6号,豪名阁华景新城离梦想很近，实现舒适入住，体验轻奢生活
1480,豪名阁天河-珠江新城西花城大道6号,豪名阁华景新城温馨小窝房租可月付 宽带 随时看房
1430,豪名阁天河-珠江新城西花城大道6号,豪名阁 地铁站附近捡漏了 强迫症福利 免费保修保洁
1680,豪名阁天河-珠江新城西花城大道6号,豪名阁华景新城点进来，你就不会再犹豫，房子，只剩一套
1300,赛拉维小区天河-员村黄埔大道,赛拉维员村为你拉近妹子的 小区房主卧 近地铁公交站
2360,跑马地花园天河-珠江新城东黄埔大道西868号,员村跑马地花园欧式大主卧 开间面积 住家少 能做饭
2060,跑马地花园天河-珠江新城东黄埔大道西868号,跑马地花园 走路6天河公园地铁站 小区管理好 精装房
1930,跑马地花园天河-珠江新城东黄埔大道西868号,跑马地花园员村价格适中，给你精致的温馨小窝
2370,跑马地花园天河-珠江新城东黄埔大道西868号,跑马地花园 6到五羊地铁站 交通快捷方便
2100,车陂千禧公寓天河-车陂高地大街东横巷21号,车陂千禧公寓车陂随时带看 押一付一 近地铁
2100,车陂千禧公寓天河-车陂高地大街东横巷21号,车陂千禧公寓车陂随时带看 押一付一 近地铁
1300,车陂居委小区天河-东圃湖边街86-90号,车陂居委东圃精装温馨小窝 欢迎单身男女拎包入住
1510,车陂居委小区天河-东圃湖边街86-90号,车陂居委东圃朝南实墙 精装修主卧 家具全新 拎包即住
1280,车陂楼天河-车陂高地大街71号,车陂楼 购物方便，是居住的理想地段，小区环境好
1300,车陂荔苑楼天河-车陂车陂祠前大街,车陂荔苑楼 宜居舒适性高，成熟商圈，配套成熟，生活便利
1310,边防总局机关大院天河-棠下天河路156号,边防总局机关大院 6到科韵路地铁站 家私家电齐全拎包入住
2250,远景楼天河-棠下毓桂大街一巷10号,远景楼 6到华景路地铁站 无中介 随时带看 拎包入住
1990,逸安阁天河-车陂中山大道231-239号,逸安阁 三到车陂地铁站 小区绿 化率高
1840,金兴花园天河-天河公园金兴一街,金兴花园天河公园精装温馨主卧出租 定期双周保洁 随时看房
2500,金地天河公馆天河-黄村大灵山路,金地天河公馆 五到黄村地铁站 家电齐全 拎包入住
1960,金富苑天河-龙口五山路269-291号,金富苑 又一个精装修的房子要出租 不看就后悔
1960,金富苑天河-龙口五山路269-291号,金富苑天河北拎包入住 家具样样齐全 白领
1420,金富苑天河-龙口五山路269-291号,金富苑龙口可公寓单间 地铁沿线 交通便利
1440,金庭轩天河-东圃东圃大马路50号,金庭轩东圃离梦想很近，实现舒适入住，体验轻奢生活
1410,金晖花苑天河-粤垦侨源大街12号,金晖花苑粤垦住温馨飘窗大卧室 都市繁华尽收眼底 近地铁
1410,金晖花苑天河-粤垦侨源大街12号,金晖花苑粤垦住温馨飘窗大卧室 都市繁华尽收眼底 近地铁
2330,金棠苑天河-棠下棠下涌东路204号,金棠苑 走路6华景路地铁站 交通非常方便 随时看房
1520,金棠苑天河-棠下棠下涌东路204号,金棠苑棠下出门靠近地铁精装房 全明户型
2330,金棠苑天河-棠下棠下涌东路204号,金棠苑 走路6华景路地铁站 交通非常方便 随时看房
1310,金沙花园天河-东圃桃园西路3号,东圃金沙花园温暖又温心 精装主卧 真的给你不一样的感受
1310,金沙花园天河-东圃桃园西路3号,东圃金沙花园温暖又温心 精装主卧 真的给你不一样的感受
2199,金燕花苑天河-粤垦燕都路2-20号,金燕花园 精装一房 业主急租 手快有 手满无
2160,金田花苑天河-龙口天河北路333-560号,金田花苑天河北拎包入住 家具样样齐全 白领
1990,金田花苑天河-龙口天河北路333-560号,金田花苑 五到体育西路地铁站 楼下就有医院，学校
1860,金田花苑天河-龙口天河北路333-560号,金田花苑 五到林和西地铁站，保养好，电梯房
1990,金田花苑天河-龙口天河北路333-560号,金田花苑天河北居住，精装出租，疯狂抢租中！
1360,金豪电梯大楼天河-天河公园荷光路,金豪电梯大楼华景新城房源！仅此一套！错过就没有了！
1500,金豪电梯大楼天河-天河公园荷光路,金豪电梯大楼华景新城设计师为您精心打造 高品质生活蜗居
2140,金骏大厦天河-珠江新城东海安路,金骏大厦 走路6五羊地铁站 精装修 采光视野好
1500,鑫苑公寓天河-金融新墟北街6号,"金融鑫苑公寓年轻人的租住房 地铁附近 精装修,周度保洁"
1980,鑫苑公寓天河-金融新墟北街6号,鑫苑公寓金融品质房源干净卫生智能门锁随时看房
1630,鑫苑公寓天河-金融新墟北街6号,鑫苑公寓 中楼层，安全性高 走路三车陂地铁站
1500,鑫苑公寓天河-金融新墟北街6号,鑫苑公寓金融交通便利 家电齐全 可整合租
1500,银利新村天河-沙太银利街,银利新村沙太新出精装大卧室，采光通风好，安静舒适
1260,银利花苑天河-沙太银利路123号,银利花苑 走路三天平架地铁站 采光好干净整洁适合居家
1360,银利街35号大院天河-沙太银利街35号,"银利街35号大院 交通便利 房价透明 随时看房,拎包即入住"
1600,长兴大厦天河-长俺岸路75号,长兴大厦 厨房家电 家电齐全 长暗靥站300米
2400,长兴大厦天河-长俺岸路75号,长兴大厦 6到燕塘地铁站，交通方便，生活购物便利
1440,长兴小区天河-长俺ば寺318-1号,长兴小区 小区环境好 统一管理 交通便利
1460,长兴小区天河-长俺ば寺318-1号,长兴小区 走路6天河客运站地铁站 精装修 采光视野好
1650,长兴小区天河-长俺ば寺318-1号,长兴小区 三到长暗靥站，精装修，采光好
1500,长兴小区天河-长俺ば寺318-1号,长兴小区 押一付一 采光贼好 包宽带
1460,长兴小区天河-长俺ば寺318-1号,长兴小区 走路6天河客运站地铁站 精装修 采光视野好
1330,阳华国花苑天河-棠下天坤三路,阳华国花苑 走路6三溪地铁站 精装全配 天然气做饭
1590,陶庄路4-2号小区天河-沙太陶庄路4-2号,陶庄路42号小区 新房出租，装修温馨，京溪南方医院地铁
1590,陶庄路4-2号小区天河-沙太陶庄路4-2号,陶庄路42号小区 新房出租，装修温馨，京溪南方医院地铁
1270,陶庄路4-2号小区天河-沙太陶庄路4-2号,陶庄路42号小区沙太在这里有一群爱干净的妹子们 带阳台小窝
2290,陶然庭苑天河-天河公园华景北路255号,陶然庭苑天河公园性价比高的房子 邻近地铁 交通便利
1590,隆基怡苑天河-沙太牛利岗大街,隆基怡苑 五到梅花园地铁站 设计师为您精心打造
1480,雅怡阁天河-东圃东圃大马路,雅怡阁东圃包宽带保洁 押一付一 家具全新
1360,顺景楼天河-员村员村二横路,顺景楼员村住温馨飘窗大卧室 都市繁华尽收眼底 近地铁
2070,顺景苑天河-棠下东南路8号,顺景苑 走路6华景路地铁站 精装全配 天然气做饭
1820,领汇国际公寓天河-东圃汇彩路,领汇国际公寓东圃精装卧室 配置齐全 钥匙在手看房随时
1240,颐和四季公馆天河-五山瘦狗岭路413号,颐和四季公馆 每天都在找房子 是不是很累呢 来我这里看看吧
1500,颖康阁天河-员村恒隆街23号,颖康阁 干净便宜 带独卫大主卧 颜值也不低
1440,风行牛奶公司宿舍天河-沙太沙太南路352号,风行牛奶公司宿舍 中高层采光好 户型方正天平架地铁站30
1440,风行牛奶公司宿舍天河-沙太沙太南路352号,风行牛奶公司宿舍 中高层采光好 户型方正天平架地铁站30
2010,馨怡花苑天河-龙口龙口东路416,馨怡花苑龙口温馨小窝房租可月付 宽带 随时看房
1200,馨晖园天河-五山东莞庄一横路120-132号,馨晖园五山精装卧室 配置齐全 钥匙在手看房随时
1300,马蹄岗教师楼天河-粤垦燕塘路,马蹄岗教师楼 6到天河公园地铁站市中心小区，房间宽敞明亮
1400,骏逸苑天河-珠江新城东潭村路10号,骏逸苑 押一付一 采光贼好 包宽带
1500,高德置地公寓天河-珠江新城中冼村路16号,高德置地公寓 走路8珠江新城地铁站 交通便利
1500,高德置地公寓天河-珠江新城中冼村路16号,高德置地公寓 走路8珠江新城地铁站 交通便利
1480,鸿发广场天河-车陂车陂路23号,鸿发广场车陂点进来，你就不会再犹豫，房子，只剩一套
1370,鸿翔大厦天河-龙口天河北路615号,鸿翔大厦龙口房东近期要去别处工作 急租 机会难得
1310,麦尔达公寓天河-天河公园华兴街95号,麦尔达公寓华景新城住温馨飘窗大卧室 都市繁华尽收眼底 近地铁
1260,黄村围福里马路边7号小区天河-东圃黄村东路,黄村围福里马路边7号小区东圃出租朝南大卧室 拎包入住 采光好
1260,黄村围福里马路边7号小区天河-东圃黄村东路,黄村围福里马路边7号小区东圃新出精装大卧室，采光通风好，安静
1500,龙口东机电宿舍天河-龙口龙口东路,龙口东机电宿舍龙口出租朝南大卧室 拎包入住 采光好
2300,龙口东机电宿舍天河-龙口龙口东路,龙口东机电宿舍龙口包宽带保洁 押一付一 家具全新
1560,龙口东煤气公司宿舍天河-龙口龙口东路201号,龙口东煤气公司宿舍天河北欧式装修 落地阳台 客厅开阔 24h
1500,龙口小区天河-龙口龙口西路,龙口龙口在这里有一群爱干净的妹子们 带阳台小窝
1350,龙洞山庄天河-龙洞龙湖路,龙洞山庄龙洞在这里有一群爱干净的妹子们 带阳台小窝
1350,龙洞山庄天河-龙洞龙湖路,龙洞山庄龙洞在这里有一群爱干净的妹子们 带阳台小窝
1500,龙洞西大街77号小区天河-龙洞龙洞西大街77号,龙洞西大街77号小区 小区环境好 统一管理  淘金地铁站
